id,faculty_id,topic_id,question_en,question_ar,answer_en,answer_ar,normalized_intent,keywords,source_id,created_at,updated_at
1,1,1,What is the Faculty of Engineering at An-Najah?,ما هي كلية الهندسة في جامعة النجاح؟,"The Faculty of Engineering (FE) at An-Najah National University is one of the largest faculties in terms of students and faculty members, focusing on engineering education, research, and preparing graduates for professional and academic paths.",كلية الهندسة في جامعة النجاح الوطنية من أكبر الكليات من حيث عدد الطلبة وأعضاء الهيئة التدريسية، وتركز على التعليم الهندسي والبحث العلمي وإعداد الخريجين لسوق العمل والدراسات العليا.,FACULTY_ENGINEERING_OVERVIEW,"[""engineering"",""faculty"",""overview"",""an-najah""]",1,"""2026-04-14T15:06:23.887Z""","""2026-04-14T15:06:23.887Z"""
2,1,2,What departments are in the Faculty of Engineering?,ما هي أقسام كلية الهندسة؟,The official departments listing shows three departments: Electrical and Computer Engineering; Industrial and Mechanical Engineering; and Architectural and Civil Engineering.,بحسب صفحة الأقسام الرسمية، تضم الكلية ثلاثة أقسام: الهندسة الكهربائية وهندسة الحاسوب، والهندسة الصناعية والميكانيكية، والهندسة المعمارية والمدنية.,FACULTY_ENGINEERING_DEPARTMENTS_LIST,"[""departments"",""electrical"",""computer"",""industrial"",""mechanical"",""architectural"",""civil""]",2,"""2026-04-14T15:06:23.887Z""","""2026-04-14T15:06:23.887Z"""
3,1,3,What facilities and labs does the Faculty of Engineering have?,ما هي المرافق والمختبرات المتوفرة في كلية الهندسة؟,Official pages describe engineering workshops and several laboratories equipped for teaching and research (without publishing an official count).,تصف الصفحات الرسمية وجود ورش هندسية ومختبرات متعددة مجهزة للتعليم والبحث العلمي (دون نشر عدد رسمي دقيق).,FACULTY_ENGINEERING_FACILITIES,"[""labs"",""facilities"",""workshops"",""laboratories""]",1,"""2026-04-14T15:06:23.887Z""","""2026-04-14T15:06:23.887Z"""
4,1,4,When was the Faculty of Engineering established?,متى تأسست كلية الهندسة؟,"An archived official faculty page states the Faculty of Engineering was established in 1979, initially offering the Bachelor of Civil Engineering.",تذكر صفحة رسمية أرشيفية أن كلية الهندسة تأسست عام 1979 وكانت تقدم في البداية بكالوريوس الهندسة المدنية.,FACULTY_ENGINEERING_ESTABLISHED,"[""1979"",""established"",""history""]",3,"""2026-04-14T15:06:23.887Z""","""2026-04-14T15:06:23.887Z"""
5,1,5,Does An-Najah have ABET-accredited engineering programs?,هل لدى جامعة النجاح برامج هندسية معتمدة من ABET؟,"Yes. The official university page states An-Najah obtained ABET accreditation for 7 engineering and technology programmes: Civil, Electrical, Chemical, Industrial, Mechanical, Mechatronics, and Telecommunications Engineering.",نعم. تذكر الصفحة الرسمية للجامعة حصولها على اعتماد ABET لسبعة برامج في الهندسة والتكنولوجيا: المدنية، الكهربائية، الكيميائية، الصناعية، الميكانيكية، الميكاترونيكس، وهندسة الاتصالات.,FACULTY_ENGINEERING_ABET,"[""ABET"",""accreditation"",""civil"",""electrical"",""chemical"",""industrial"",""mechanical"",""mechatronics"",""telecommunications""]",4,"""2026-04-14T15:06:23.887Z""","""2026-04-14T15:06:23.887Z"""
6,1,1,What is FE?,ما المقصود بـ FE؟,"Faculty information is available from official public pages. Ask about departments, facilities, history, or ABET accreditation.",معلومات الكلية متاحة عبر الصفحات الرسمية العامة. اسأل عن الأقسام أو المرافق أو التاريخ أو اعتماد ABET.,FACULTY_ENGINEERING_FAQ,"[""faculty"",""engineering"",""faq""]",1,"""2026-04-14T15:06:23.887Z""","""2026-04-14T15:06:23.887Z"""
7,1,1,Where is the Faculty of Engineering located?,أين تقع كلية الهندسة؟,"Faculty information is available from official public pages. Ask about departments, facilities, history, or ABET accreditation.",معلومات الكلية متاحة عبر الصفحات الرسمية العامة. اسأل عن الأقسام أو المرافق أو التاريخ أو اعتماد ABET.,FACULTY_ENGINEERING_FAQ,"[""faculty"",""engineering"",""faq""]",1,"""2026-04-14T15:06:23.887Z""","""2026-04-14T15:06:23.887Z"""
8,1,1,How many departments does the faculty have?,كم عدد أقسام الكلية؟,"Faculty information is available from official public pages. Ask about departments, facilities, history, or ABET accreditation.",معلومات الكلية متاحة عبر الصفحات الرسمية العامة. اسأل عن الأقسام أو المرافق أو التاريخ أو اعتماد ABET.,FACULTY_ENGINEERING_FAQ,"[""faculty"",""engineering"",""faq""]",1,"""2026-04-14T15:06:23.887Z""","""2026-04-14T15:06:23.887Z"""
9,1,1,How many students are in the faculty?,كم عدد طلبة الكلية؟,"Faculty information is available from official public pages. Ask about departments, facilities, history, or ABET accreditation.",معلومات الكلية متاحة عبر الصفحات الرسمية العامة. اسأل عن الأقسام أو المرافق أو التاريخ أو اعتماد ABET.,FACULTY_ENGINEERING_FAQ,"[""faculty"",""engineering"",""faq""]",1,"""2026-04-14T15:06:23.887Z""","""2026-04-14T15:06:23.887Z"""
10,1,1,How many faculty members are there?,كم عدد أعضاء الهيئة التدريسية؟,"Faculty information is available from official public pages. Ask about departments, facilities, history, or ABET accreditation.",معلومات الكلية متاحة عبر الصفحات الرسمية العامة. اسأل عن الأقسام أو المرافق أو التاريخ أو اعتماد ABET.,FACULTY_ENGINEERING_FAQ,"[""faculty"",""engineering"",""faq""]",1,"""2026-04-14T15:06:23.887Z""","""2026-04-14T15:06:23.887Z"""
11,1,1,What is the faculty known for?,بماذا تُعرف الكلية؟,"Faculty information is available from official public pages. Ask about departments, facilities, history, or ABET accreditation.",معلومات الكلية متاحة عبر الصفحات الرسمية العامة. اسأل عن الأقسام أو المرافق أو التاريخ أو اعتماد ABET.,FACULTY_ENGINEERING_FAQ,"[""faculty"",""engineering"",""faq""]",1,"""2026-04-14T15:06:23.887Z""","""2026-04-14T15:06:23.887Z"""
12,1,1,Does it support research?,هل لدى الكلية نشاط بحثي؟,"Faculty information is available from official public pages. Ask about departments, facilities, history, or ABET accreditation.",معلومات الكلية متاحة عبر الصفحات الرسمية العامة. اسأل عن الأقسام أو المرافق أو التاريخ أو اعتماد ABET.,FACULTY_ENGINEERING_FAQ,"[""faculty"",""engineering"",""faq""]",1,"""2026-04-14T15:06:23.887Z""","""2026-04-14T15:06:23.887Z"""
13,1,1,Does it have workshops?,هل توجد ورش في الكلية؟,"Faculty information is available from official public pages. Ask about departments, facilities, history, or ABET accreditation.",معلومات الكلية متاحة عبر الصفحات الرسمية العامة. اسأل عن الأقسام أو المرافق أو التاريخ أو اعتماد ABET.,FACULTY_ENGINEERING_FAQ,"[""faculty"",""engineering"",""faq""]",1,"""2026-04-14T15:06:23.887Z""","""2026-04-14T15:06:23.887Z"""
14,1,1,Does it have laboratories?,هل توجد مختبرات في الكلية؟,"Faculty information is available from official public pages. Ask about departments, facilities, history, or ABET accreditation.",معلومات الكلية متاحة عبر الصفحات الرسمية العامة. اسأل عن الأقسام أو المرافق أو التاريخ أو اعتماد ABET.,FACULTY_ENGINEERING_FAQ,"[""faculty"",""engineering"",""faq""]",1,"""2026-04-14T15:06:23.887Z""","""2026-04-14T15:06:23.887Z"""
15,1,1,List the engineering departments again.,اذكر أقسام الكلية مرة أخرى.,"Faculty information is available from official public pages. Ask about departments, facilities, history, or ABET accreditation.",معلومات الكلية متاحة عبر الصفحات الرسمية العامة. اسأل عن الأقسام أو المرافق أو التاريخ أو اعتماد ABET.,FACULTY_ENGINEERING_FAQ,"[""faculty"",""engineering"",""faq""]",1,"""2026-04-14T15:06:23.887Z""","""2026-04-14T15:06:23.887Z"""
16,1,2,Tell me about the Electrical and Computer Engineering Department.,حدثني عن قسم الهندسة الكهربائية وهندسة الحاسوب.,"It is one of the faculty’s official departments, covering electrical and computer engineering fields at a high level. For detailed program plans, refer to the faculty website.",هو أحد أقسام الكلية الرسمية ويغطي مجالات الهندسة الكهربائية وهندسة الحاسوب بشكل عام. للتفاصيل الدقيقة راجع موقع الكلية.,FACULTY_ENGINEERING_DEPARTMENT_ECE,"[""department"",""electrical"",""computer""]",2,"""2026-04-14T15:07:35.169Z""","""2026-04-14T15:07:35.169Z"""
17,1,2,Tell me about the Industrial and Mechanical Engineering Department.,حدثني عن قسم الهندسة الصناعية والميكانيكية.,"It is one of the faculty’s official departments, covering industrial and mechanical engineering fields at a high level.",هو أحد أقسام الكلية الرسمية ويغطي مجالات الهندسة الصناعية والميكانيكية بشكل عام.,FACULTY_ENGINEERING_DEPARTMENT_IME,"[""department"",""industrial"",""mechanical""]",2,"""2026-04-14T15:07:35.169Z""","""2026-04-14T15:07:35.169Z"""
18,1,2,Tell me about the Architectural and Civil Engineering Department.,حدثني عن قسم الهندسة المعمارية والمدنية.,"It is one of the faculty’s official departments, covering architectural and civil engineering fields at a high level.",هو أحد أقسام الكلية الرسمية ويغطي مجالات الهندسة المعمارية والمدنية بشكل عام.,FACULTY_ENGINEERING_DEPARTMENT_ACE,"[""department"",""architectural"",""civil""]",2,"""2026-04-14T15:07:35.169Z""","""2026-04-14T15:07:35.169Z"""
19,1,6,Which engineering programs are ABET-accredited at An-Najah?,ما هي البرامج الهندسية المعتمدة من ABET في جامعة النجاح؟,"The official university page lists these ABET-accredited programmes: Civil, Electrical, Chemical, Industrial, Mechanical, Mechatronics, and Telecommunications Engineering.",تذكر الصفحة الرسمية البرامج المعتمدة من ABET: المدنية، الكهربائية، الكيميائية، الصناعية، الميكانيكية، الميكاترونيكس، وهندسة الاتصالات.,FACULTY_ENGINEERING_ABET_LIST,"[""ABET"",""programs"",""accredited""]",1,"""2026-04-14T15:07:35.169Z""","""2026-04-14T15:07:35.169Z"""
20,1,4,When did the faculty move to the New Campus?,متى انتقلت الكلية إلى الحرم الجديد؟,An archived official faculty page states the faculty moved to the New Campus starting the academic year 2005/2006.,تذكر صفحة رسمية أرشيفية أن الكلية انتقلت إلى الحرم الجديد ابتداءً من العام الأكاديمي 2005/2006.,FACULTY_ENGINEERING_NEW_CAMPUS,"[""new campus"",""2005"",""history""]",3,"""2026-04-14T15:07:35.169Z""","""2026-04-14T15:07:35.169Z"""
21,1,1,How many programs are ABET accredited in Engineering?,كم برنامج معتمد من ABET في كلية الهندسة؟,"Nine engineering programs are ABET accredited: Civil, Electrical, Chemical, Industrial, Mechanical, Mechatronics, Telecommunications, Computer, and Building Engineering.",تسعة برامج هندسية معتمدة من ABET: المدنية، الكهربائية، الكيميائية، الصناعية، الميكانيكية، الميكاترونكس، الاتصالات، الحاسوب، وهندسة البناء.,FACULTY_ABET_PROGRAMS_COUNT,"[""abet"",""accredited"",""accreditation"",""count"",""how many""]",5,"""2026-04-14T17:18:18.525Z""","""2026-04-14T17:18:18.525Z"""
22,1,1,Is my engineering program ABET accredited?,هل برنامجي الهندسي معتمد من ABET؟,"The nine ABET-accredited programmes at An-Najah are: Civil, Electrical, Chemical, Industrial, Mechanical, Mechatronics, Telecommunications, Computer, and Building Engineering. Check each programme record for its accreditation status.",البرامج التسعة المعتمدة من ABET في جامعة النجاح: المدنية، الكهربائية، الكيميائية، الصناعية، الميكانيكية، الميكاترونكس، الاتصالات، الحاسوب، وهندسة البناء.,PROGRAM_ABET_CHECK,"[""abet"",""accredited"",""my program"",""check""]",5,"""2026-04-14T17:18:18.525Z""","""2026-04-14T17:18:18.525Z"""
23,11,,Tell me about Faculty of Pharmacy,احكيلي عن Faculty of Pharmacy,Faculty of Pharmacy is listed by An-Najah National University among its academic faculties. In this system it is linked to 3 undergraduate programs imported from the official programs directory.,Faculty of Pharmacy مدرجة ضمن كليات جامعة النجاح الوطنية، وهي مرتبطة في هذا النظام بعدد 3 من برامج البكالوريوس المستوردة من الدليل الرسمي للبرامج.,FACULTY_OVERVIEW_BASELINE,"[""pharmacy"",""pharmacist"",""faculty"",""college"",""كلية"",""صيدلة"",""overview"",""about"",""information"",""معلومات"",""نبذة""]",,"""2026-04-17T14:30:16.513Z""","""2026-04-17T14:30:16.513Z"""
24,12,,Tell me about Faculty of Science,احكيلي عن Faculty of Science,Faculty of Science is listed by An-Najah National University among its academic faculties. In this system it is linked to 14 undergraduate programs imported from the official programs directory.,Faculty of Science مدرجة ضمن كليات جامعة النجاح الوطنية، وهي مرتبطة في هذا النظام بعدد 14 من برامج البكالوريوس المستوردة من الدليل الرسمي للبرامج.,FACULTY_OVERVIEW_BASELINE,"[""science"",""scientific"",""faculty"",""college"",""كلية"",""علوم"",""overview"",""about"",""information"",""معلومات"",""نبذة""]",,"""2026-04-17T14:30:16.513Z""","""2026-04-17T14:30:16.513Z"""
25,10,,Tell me about Faculty of Nursing,احكيلي عن Faculty of Nursing,Faculty of Nursing is listed by An-Najah National University among its academic faculties. In this system it is linked to 2 undergraduate programs imported from the official programs directory.,Faculty of Nursing مدرجة ضمن كليات جامعة النجاح الوطنية، وهي مرتبطة في هذا النظام بعدد 2 من برامج البكالوريوس المستوردة من الدليل الرسمي للبرامج.,FACULTY_OVERVIEW_BASELINE,"[""nursing"",""nurse"",""faculty"",""college"",""كلية"",""تمريض"",""overview"",""about"",""information"",""معلومات"",""نبذة""]",,"""2026-04-17T14:30:16.513Z""","""2026-04-17T14:30:16.513Z"""
26,13,,Tell me about Faculty of Shari'ah,احكيلي عن Faculty of Shari'ah,Faculty of Shari'ah is listed by An-Najah National University among its academic faculties. In this system it is linked to 4 undergraduate programs imported from the official programs directory.,Faculty of Shari'ah مدرجة ضمن كليات جامعة النجاح الوطنية، وهي مرتبطة في هذا النظام بعدد 4 من برامج البكالوريوس المستوردة من الدليل الرسمي للبرامج.,FACULTY_OVERVIEW_BASELINE,"[""sharia"",""shari'ah"",""islamic"",""faculty"",""college"",""كلية"",""شريعة"",""اسلامية"",""overview"",""about"",""information"",""معلومات"",""نبذة""]",,"""2026-04-17T14:30:16.513Z""","""2026-04-17T14:30:16.513Z"""
27,5,,Tell me about Faculty of Fine Arts,احكيلي عن Faculty of Fine Arts,Faculty of Fine Arts is listed by An-Najah National University among its academic faculties. In this system it is linked to 8 undergraduate programs imported from the official programs directory.,Faculty of Fine Arts مدرجة ضمن كليات جامعة النجاح الوطنية، وهي مرتبطة في هذا النظام بعدد 8 من برامج البكالوريوس المستوردة من الدليل الرسمي للبرامج.,FACULTY_OVERVIEW_BASELINE,"[""fine"",""arts"",""art"",""faculty"",""college"",""كلية"",""فنون"",""overview"",""about"",""information"",""معلومات"",""نبذة""]",,"""2026-04-17T14:30:16.513Z""","""2026-04-17T14:30:16.513Z"""
28,8,,Tell me about Faculty of Law and Political Sciences,احكيلي عن Faculty of Law and Political Sciences,Faculty of Law and Political Sciences is listed by An-Najah National University among its academic faculties. In this system it is linked to 3 undergraduate programs imported from the official programs directory.,Faculty of Law and Political Sciences مدرجة ضمن كليات جامعة النجاح الوطنية، وهي مرتبطة في هذا النظام بعدد 3 من برامج البكالوريوس المستوردة من الدليل الرسمي للبرامج.,FACULTY_OVERVIEW_BASELINE,"[""law"",""legal"",""political"",""politics"",""faculty"",""college"",""كلية"",""قانون"",""سياسية"",""overview"",""about"",""information"",""معلومات"",""نبذة""]",,"""2026-04-17T14:30:16.513Z""","""2026-04-17T14:30:16.513Z"""
29,6,,Tell me about Faculty of Humanities and Educational Sciences,احكيلي عن Faculty of Humanities and Educational Sciences,Faculty of Humanities and Educational Sciences is listed by An-Najah National University among its academic faculties. In this system it is linked to 33 undergraduate programs imported from the official programs directory.,Faculty of Humanities and Educational Sciences مدرجة ضمن كليات جامعة النجاح الوطنية، وهي مرتبطة في هذا النظام بعدد 33 من برامج البكالوريوس المستوردة من الدليل الرسمي للبرامج.,FACULTY_OVERVIEW_BASELINE,"[""humanities"",""educational"",""education"",""faculty"",""college"",""كلية"",""علوم انسانية"",""تربوية"",""تعليم"",""overview"",""about"",""information"",""معلومات"",""نبذة""]",,"""2026-04-17T14:30:16.513Z""","""2026-04-17T14:30:16.513Z"""
30,4,,Tell me about Faculty of Dentistry & Dental Surgery,احكيلي عن Faculty of Dentistry & Dental Surgery,Faculty of Dentistry & Dental Surgery is listed by An-Najah National University among its academic faculties. In this system it is linked to 3 undergraduate programs imported from the official programs directory.,Faculty of Dentistry & Dental Surgery مدرجة ضمن كليات جامعة النجاح الوطنية، وهي مرتبطة في هذا النظام بعدد 3 من برامج البكالوريوس المستوردة من الدليل الرسمي للبرامج.,FACULTY_OVERVIEW_BASELINE,"[""dentistry"",""dental"",""faculty"",""college"",""كلية"",""اسنان"",""طب اسنان"",""overview"",""about"",""information"",""معلومات"",""نبذة""]",,"""2026-04-17T14:30:16.513Z""","""2026-04-17T14:30:16.513Z"""
31,1,,Tell me about Faculty of Engineering and Information Technology,احكيلي عن Faculty of Engineering and Information Technology,Faculty of Engineering and Information Technology is listed by An-Najah National University among its academic faculties. In this system it is linked to 14 undergraduate programs imported from the official programs directory.,Faculty of Engineering and Information Technology مدرجة ضمن كليات جامعة النجاح الوطنية، وهي مرتبطة في هذا النظام بعدد 14 من برامج البكالوريوس المستوردة من الدليل الرسمي للبرامج.,FACULTY_OVERVIEW_BASELINE,"[""engineering"",""engineer"",""faculty"",""college"",""كلية"",""هندسة"",""overview"",""about"",""information"",""معلومات"",""نبذة""]",,"""2026-04-17T14:30:16.513Z""","""2026-04-17T14:30:16.513Z"""
32,3,,Tell me about Faculty of Business and Communication,احكيلي عن Faculty of Business and Communication,Faculty of Business and Communication is listed by An-Najah National University among its academic faculties. In this system it is linked to 14 undergraduate programs imported from the official programs directory.,Faculty of Business and Communication مدرجة ضمن كليات جامعة النجاح الوطنية، وهي مرتبطة في هذا النظام بعدد 14 من برامج البكالوريوس المستوردة من الدليل الرسمي للبرامج.,FACULTY_OVERVIEW_BASELINE,"[""business"",""communication"",""commerce"",""faculty"",""college"",""كلية"",""اعمال"",""اتصال"",""تواصل"",""overview"",""about"",""information"",""معلومات"",""نبذة""]",,"""2026-04-17T14:30:16.513Z""","""2026-04-17T14:30:16.513Z"""
33,14,,Tell me about Faculty of Veterinary Medicine and Agricultural Engineering,احكيلي عن Faculty of Veterinary Medicine and Agricultural Engineering,Faculty of Veterinary Medicine and Agricultural Engineering is listed by An-Najah National University among its academic faculties. In this system it is linked to 5 undergraduate programs imported from the official programs directory.,Faculty of Veterinary Medicine and Agricultural Engineering مدرجة ضمن كليات جامعة النجاح الوطنية، وهي مرتبطة في هذا النظام بعدد 5 من برامج البكالوريوس المستوردة من الدليل الرسمي للبرامج.,FACULTY_OVERVIEW_BASELINE,"[""veterinary"",""agricultural"",""agriculture"",""faculty"",""college"",""كلية"",""بيطري"",""زراعية"",""زراعة"",""overview"",""about"",""information"",""معلومات"",""نبذة""]",,"""2026-04-17T14:30:16.513Z""","""2026-04-17T14:30:16.513Z"""
34,9,,Tell me about Faculty of Medicine and Allied medical Sciences,احكيلي عن Faculty of Medicine and Allied medical Sciences,Faculty of Medicine and Allied medical Sciences is listed by An-Najah National University among its academic faculties. In this system it is linked to 13 undergraduate programs imported from the official programs directory.,Faculty of Medicine and Allied medical Sciences مدرجة ضمن كليات جامعة النجاح الوطنية، وهي مرتبطة في هذا النظام بعدد 13 من برامج البكالوريوس المستوردة من الدليل الرسمي للبرامج.,FACULTY_OVERVIEW_BASELINE,"[""medicine"",""medical"",""allied"",""health"",""faculty"",""college"",""كلية"",""طب"",""صحة"",""طبية"",""overview"",""about"",""information"",""معلومات"",""نبذة""]",,"""2026-04-17T14:30:16.513Z""","""2026-04-17T14:30:16.513Z"""
35,7,,Tell me about Faculty of Information Technology & Artificial Intelligence,احكيلي عن Faculty of Information Technology & Artificial Intelligence,Faculty of Information Technology & Artificial Intelligence is listed by An-Najah National University among its academic faculties. In this system it is linked to 6 undergraduate programs imported from the official programs directory.,Faculty of Information Technology & Artificial Intelligence مدرجة ضمن كليات جامعة النجاح الوطنية، وهي مرتبطة في هذا النظام بعدد 6 من برامج البكالوريوس المستوردة من الدليل الرسمي للبرامج.,FACULTY_OVERVIEW_BASELINE,"[""information"",""technology"",""artificial"",""intelligence"",""it"",""ai"",""faculty"",""college"",""كلية"",""تكنولوجيا"",""معلومات"",""ذكاء"",""overview"",""about"",""information"",""معلومات"",""نبذة""]",,"""2026-04-17T14:30:16.513Z""","""2026-04-17T14:30:16.513Z"""
44,1,,What programs are in Faculty of Engineering and Information Technology?,ما التخصصات الموجودة في Faculty of Engineering and Information Technology؟,"The undergraduate programs currently linked to Faculty of Engineering and Information Technology in this system are: Architectural Engineering, Building Engineering, Chemical Engineering, Civil Engineering, Computer Engineering, Electrical Engineering, Energy & Environmental Engineering, Geomatics Engineering, Industrial Engineering, Materials Science Engineering, Mechanical Engineering, Mechatronics Engineering, Planning Engineering and City Technology, Telecommunication Engineering.","التخصصات المرتبطة حاليًا بـ Faculty of Engineering and Information Technology في هذا النظام هي: Architectural Engineering, Building Engineering, Chemical Engineering, Civil Engineering, Computer Engineering, Electrical Engineering, Energy & Environmental Engineering, Geomatics Engineering, Industrial Engineering, Materials Science Engineering, Mechanical Engineering, Mechatronics Engineering, Planning Engineering and City Technology, Telecommunication Engineering.",FACULTY_PROGRAMS_BASELINE,"[""engineering"",""engineer"",""faculty"",""college"",""كلية"",""هندسة"",""program"",""programs"",""programme"",""programmes"",""major"",""majors"",""تخصص"",""تخصصات"",""برنامج"",""برامج""]",,"""2026-04-17T14:30:16.513Z""","""2026-04-17T14:30:16.513Z"""
45,3,,What programs are in Faculty of Business and Communication?,ما التخصصات الموجودة في Faculty of Business and Communication؟,"Faculty of Business and Communication appears on An-Najah National University's official undergraduate programs pages. The programs linked to this faculty in the official catalogue are: Accounting, Accounting Minor Insurance, Business Administration, Business Administration Minor Insurance, Communication and Digital Marketing, Communication and Digital Media, Digital Economy and E-Commerce, Economics Minor Insurance, Financial Banking Sciences Minor Insurance, Marketing Minor Insurance, Public Relations & Communication, Radio & Television, The Investment and Real Estate Development, financial & Banking Sciences. Official faculty website: http://eco.najah.edu/.","كلية الأعمال والإتصال تظهر في الصفحات الرسمية لبرامج البكالوريوس في جامعة النجاح الوطنية. التخصصات المرتبطة بهذه الكلية في الدليل الرسمي هي: Accounting, Accounting Minor Insurance, Business Administration, Business Administration Minor Insurance, Communication and Digital Marketing, Communication and Digital Media, Digital Economy and E-Commerce, Economics Minor Insurance, Financial Banking Sciences Minor Insurance, Marketing Minor Insurance, Public Relations & Communication, Radio & Television, The Investment and Real Estate Development, financial & Banking Sciences. الموقع الرسمي للكلية: http://eco.najah.edu/.",FACULTY_PROGRAMS_BASELINE,"[""business"",""communication"",""commerce"",""faculty"",""college"",""كلية"",""اعمال"",""اتصال"",""تواصل"",""program"",""programs"",""programme"",""programmes"",""major"",""majors"",""تخصص"",""تخصصات"",""برنامج"",""برامج""]",,"""2026-04-17T14:30:16.513Z""","""2026-04-17T15:10:35.320Z"""
46,14,,What programs are in Faculty of Veterinary Medicine and Agricultural Engineering?,ما التخصصات الموجودة في Faculty of Veterinary Medicine and Agricultural Engineering؟,"Faculty of Veterinary Medicine and Agricultural Engineering appears on An-Najah National University's official undergraduate programs pages. The programs linked to this faculty in the official catalogue are: Agricultural Engineering BA Program, Animal Production & Animal Health, Nutrition and Food Technology, Plant Production & Protection, Veterinary Medicine. Official faculty website: http://agri.najah.edu/.","كلية الطب البيطري والهندسة الزراعية تظهر في الصفحات الرسمية لبرامج البكالوريوس في جامعة النجاح الوطنية. التخصصات المرتبطة بهذه الكلية في الدليل الرسمي هي: Agricultural Engineering BA Program, Animal Production & Animal Health, Nutrition and Food Technology, Plant Production & Protection, Veterinary Medicine. الموقع الرسمي للكلية: http://agri.najah.edu/.",FACULTY_PROGRAMS_BASELINE,"[""veterinary"",""agricultural"",""agriculture"",""faculty"",""college"",""كلية"",""بيطري"",""زراعية"",""زراعة"",""program"",""programs"",""programme"",""programmes"",""major"",""majors"",""تخصص"",""تخصصات"",""برنامج"",""برامج""]",,"""2026-04-17T14:30:16.513Z""","""2026-04-17T15:10:35.320Z"""
47,9,,What programs are in Faculty of Medicine and Allied medical Sciences?,ما التخصصات الموجودة في Faculty of Medicine and Allied medical Sciences؟,"Faculty of Medicine and Allied medical Sciences appears on An-Najah National University's official undergraduate programs pages. The programs linked to this faculty in the official catalogue are: Anesthesia and Resuscitation, Audiology and Speech Sciences, Bachelor of Science in Clinical Nutrition, Biomedical Sciences, Cardiac Perfusion Technology Program, Doctor of Medicine, Health Information Management (HIM), Medical Laboratory Sciences, Medical imaging, Optometry, Physical Education -Training, Physiotherapy, Respiratory Care Program. Official faculty website: http://fmhs.najah.edu/.","كلية الطب البشري والعلوم الطبية المساندة تظهر في الصفحات الرسمية لبرامج البكالوريوس في جامعة النجاح الوطنية. التخصصات المرتبطة بهذه الكلية في الدليل الرسمي هي: Anesthesia and Resuscitation, Audiology and Speech Sciences, Bachelor of Science in Clinical Nutrition, Biomedical Sciences, Cardiac Perfusion Technology Program, Doctor of Medicine, Health Information Management (HIM), Medical Laboratory Sciences, Medical imaging, Optometry, Physical Education -Training, Physiotherapy, Respiratory Care Program. الموقع الرسمي للكلية: http://fmhs.najah.edu/.",FACULTY_PROGRAMS_BASELINE,"[""medicine"",""medical"",""allied"",""health"",""faculty"",""college"",""كلية"",""طب"",""صحة"",""طبية"",""program"",""programs"",""programme"",""programmes"",""major"",""majors"",""تخصص"",""تخصصات"",""برنامج"",""برامج""]",,"""2026-04-17T14:30:16.513Z""","""2026-04-17T15:10:35.320Z"""
37,12,,What programs are in Faculty of Science?,ما التخصصات الموجودة في Faculty of Science؟,"Faculty of Science appears on An-Najah National University's official undergraduate programs pages. The programs linked to this faculty in the official catalogue are: Applied Chemistry, Biology Biotechnology, Chemistry, Life Sciences, Major Chemistry Minor Education, Major Mathematics -Minor Education, Major Mathematics -Minor Statistics, Major Physics Minor Education, Major Physics Minor Electronics, Mathematics, Mathematics Minor Insurance, Mathematics and Data Science, Physics, Technology of Applied Physics. Official faculty website: http://sci.najah.edu/en.","كلية العلوم تظهر في الصفحات الرسمية لبرامج البكالوريوس في جامعة النجاح الوطنية. التخصصات المرتبطة بهذه الكلية في الدليل الرسمي هي: Applied Chemistry, Biology Biotechnology, Chemistry, Life Sciences, Major Chemistry Minor Education, Major Mathematics -Minor Education, Major Mathematics -Minor Statistics, Major Physics Minor Education, Major Physics Minor Electronics, Mathematics, Mathematics Minor Insurance, Mathematics and Data Science, Physics, Technology of Applied Physics. الموقع الرسمي للكلية: http://sci.najah.edu/en.",FACULTY_PROGRAMS_BASELINE,"[""science"",""scientific"",""faculty"",""college"",""كلية"",""علوم"",""program"",""programs"",""programme"",""programmes"",""major"",""majors"",""تخصص"",""تخصصات"",""برنامج"",""برامج""]",,"""2026-04-17T14:30:16.513Z""","""2026-04-17T15:10:35.320Z"""
42,6,,What programs are in Faculty of Humanities and Educational Sciences?,ما التخصصات الموجودة في Faculty of Humanities and Educational Sciences؟,"Faculty of Humanities and Educational Sciences appears on An-Najah National University's official undergraduate programs pages. The programs linked to this faculty in the official catalogue are: Arabic Language & Literature, Arabic Language and Literature with Arabic for Non-Native Speakers Teachers' Training Minor, Arabic Language and Literature with Education Minor, Arabic Language and Literature with Hebrew Minor, English Language & Literature, English Language Literature Minor Education, English Language Literature Minor Translation, English Language and Literature with Arabic for Non-Native Speakers Teachers' Training Minor, English Language and Literature with Hebrew Minor, French Language, French Language with Arabic for Non-Native Speakers Teachers' Training Minor, French Language with Hebrew Minor, Geography, Geomatics, History, History Minor Education, Inclusive and Special Education, Kindergartens, Lower Preparatory, Major Psychology minor Psychological Counseling, Major: English Language and Literature Minor: American Studies, Major: English Language and Literature Minor: French, Major: French Language and Literature, Minor: English, Major: French Language, Minor: Public Relations, Physical Education -Methods of Teaching, Social Work, Tourism & Archeology, Upper Preparatory - Teacher in Arabic Language, Upper Preparatory - Teacher in Social Studies, Upper Preparatory- Teacher in Mathematics, Upper Preparatory- Teacher in Sciences, Upper Preparatory- Teacher in Technology, Upper Prepartory -Teacher in English Language. Official faculty website: http://educ.najah.edu/.","كلية العلوم الإنسانية والتربوية تظهر في الصفحات الرسمية لبرامج البكالوريوس في جامعة النجاح الوطنية. التخصصات المرتبطة بهذه الكلية في الدليل الرسمي هي: Arabic Language & Literature, Arabic Language and Literature with Arabic for Non-Native Speakers Teachers' Training Minor, Arabic Language and Literature with Education Minor, Arabic Language and Literature with Hebrew Minor, English Language & Literature, English Language Literature Minor Education, English Language Literature Minor Translation, English Language and Literature with Arabic for Non-Native Speakers Teachers' Training Minor, English Language and Literature with Hebrew Minor, French Language, French Language with Arabic for Non-Native Speakers Teachers' Training Minor, French Language with Hebrew Minor, Geography, Geomatics, History, History Minor Education, Inclusive and Special Education, Kindergartens, Lower Preparatory, Major Psychology minor Psychological Counseling, Major: English Language and Literature Minor: American Studies, Major: English Language and Literature Minor: French, Major: French Language and Literature, Minor: English, Major: French Language, Minor: Public Relations, Physical Education -Methods of Teaching, Social Work, Tourism & Archeology, Upper Preparatory - Teacher in Arabic Language, Upper Preparatory - Teacher in Social Studies, Upper Preparatory- Teacher in Mathematics, Upper Preparatory- Teacher in Sciences, Upper Preparatory- Teacher in Technology, Upper Prepartory -Teacher in English Language. الموقع الرسمي للكلية: http://educ.najah.edu/.",FACULTY_PROGRAMS_BASELINE,"[""humanities"",""educational"",""education"",""faculty"",""college"",""كلية"",""علوم انسانية"",""تربوية"",""تعليم"",""program"",""programs"",""programme"",""programmes"",""major"",""majors"",""تخصص"",""تخصصات"",""برنامج"",""برامج""]",,"""2026-04-17T14:30:16.513Z""","""2026-04-17T15:10:35.320Z"""
48,7,,What programs are in Faculty of Information Technology & Artificial Intelligence?,ما التخصصات الموجودة في Faculty of Information Technology & Artificial Intelligence؟,"Faculty of Information Technology & Artificial Intelligence appears on An-Najah National University's official undergraduate programs pages. The programs linked to this faculty in the official catalogue are: Artificial Intelligence and Data Science, Computer Information Systems, Computer Science, Computer Science Apprenticeship Program, Cyber Security, Management Information Systems. Official faculty website: https://it.najah.edu/.","Faculty of Information Technology & Artificial Intelligence تظهر في الصفحات الرسمية لبرامج البكالوريوس في جامعة النجاح الوطنية. التخصصات المرتبطة بهذه الكلية في الدليل الرسمي هي: Artificial Intelligence and Data Science, Computer Information Systems, Computer Science, Computer Science Apprenticeship Program, Cyber Security, Management Information Systems. الموقع الرسمي للكلية: https://it.najah.edu/.",FACULTY_PROGRAMS_BASELINE,"[""information"",""technology"",""artificial"",""intelligence"",""it"",""ai"",""faculty"",""college"",""كلية"",""تكنولوجيا"",""معلومات"",""ذكاء"",""program"",""programs"",""programme"",""programmes"",""major"",""majors"",""تخصص"",""تخصصات"",""برنامج"",""برامج""]",,"""2026-04-17T14:30:16.513Z""","""2026-04-17T15:10:35.320Z"""
40,5,,What programs are in Faculty of Fine Arts?,ما التخصصات الموجودة في Faculty of Fine Arts؟,"Faculty of Fine Arts appears on An-Najah National University's official undergraduate programs pages. The programs linked to this faculty in the official catalogue are: Bachelor’s Program in Game Design, Ceramic Art, Expressive Art Therapy, Fashion Design BA Program, Graphic Design, Interior Design, Music, Painting. Official faculty website: http://ffa.najah.edu/.","كلية الفنون الجميلة تظهر في الصفحات الرسمية لبرامج البكالوريوس في جامعة النجاح الوطنية. التخصصات المرتبطة بهذه الكلية في الدليل الرسمي هي: Bachelor’s Program in Game Design, Ceramic Art, Expressive Art Therapy, Fashion Design BA Program, Graphic Design, Interior Design, Music, Painting. الموقع الرسمي للكلية: http://ffa.najah.edu/.",FACULTY_PROGRAMS_BASELINE,"[""fine"",""arts"",""art"",""faculty"",""college"",""كلية"",""فنون"",""program"",""programs"",""programme"",""programmes"",""major"",""majors"",""تخصص"",""تخصصات"",""برنامج"",""برامج""]",,"""2026-04-17T14:30:16.513Z""","""2026-04-17T15:10:35.320Z"""
36,11,,What programs are in Faculty of Pharmacy?,ما التخصصات الموجودة في Faculty of Pharmacy؟,"Faculty of Pharmacy appears on An-Najah National University's official undergraduate programs pages. The programs linked to this faculty in the official catalogue are: Cosmetics and Skin Care, Pharmacy, Pharmacy Doctor. Official faculty website: https://pharmacy.najah.edu/en/.","Faculty of Pharmacy تظهر في الصفحات الرسمية لبرامج البكالوريوس في جامعة النجاح الوطنية. التخصصات المرتبطة بهذه الكلية في الدليل الرسمي هي: Cosmetics and Skin Care, Pharmacy, Pharmacy Doctor. الموقع الرسمي للكلية: https://pharmacy.najah.edu/en/.",FACULTY_PROGRAMS_BASELINE,"[""pharmacy"",""pharmacist"",""faculty"",""college"",""كلية"",""صيدلة"",""program"",""programs"",""programme"",""programmes"",""major"",""majors"",""تخصص"",""تخصصات"",""برنامج"",""برامج""]",,"""2026-04-17T14:30:16.513Z""","""2026-04-17T15:10:35.320Z"""
43,4,,What programs are in Faculty of Dentistry & Dental Surgery?,ما التخصصات الموجودة في Faculty of Dentistry & Dental Surgery؟,"Faculty of Dentistry & Dental Surgery appears on An-Najah National University's official undergraduate programs pages. The programs linked to this faculty in the official catalogue are: Dental Hygiene BA Program, Dental Laboratory Technology, Doctor of Dental Surgery. Official faculty website: https://www.najah.edu/en/dentistry/.","Faculty of Dentistry & Dental Surgery تظهر في الصفحات الرسمية لبرامج البكالوريوس في جامعة النجاح الوطنية. التخصصات المرتبطة بهذه الكلية في الدليل الرسمي هي: Dental Hygiene BA Program, Dental Laboratory Technology, Doctor of Dental Surgery. الموقع الرسمي للكلية: https://www.najah.edu/en/dentistry/.",FACULTY_PROGRAMS_BASELINE,"[""dentistry"",""dental"",""faculty"",""college"",""كلية"",""اسنان"",""طب اسنان"",""program"",""programs"",""programme"",""programmes"",""major"",""majors"",""تخصص"",""تخصصات"",""برنامج"",""برامج""]",,"""2026-04-17T14:30:16.513Z""","""2026-04-17T15:10:35.320Z"""
39,13,,What programs are in Faculty of Shari'ah?,ما التخصصات الموجودة في Faculty of Shari'ah؟,"Faculty of Shari'ah appears on An-Najah National University's official undergraduate programs pages. The programs linked to this faculty in the official catalogue are: Fiqih & Legistlation, Fundamentals of Religion (Usool Al-Deen) with Arabic Minor, Osoul Aldeen, Sharia & Islamic Banks. Official faculty website: https://shariah.najah.edu/en/.","كلية الشريعة تظهر في الصفحات الرسمية لبرامج البكالوريوس في جامعة النجاح الوطنية. التخصصات المرتبطة بهذه الكلية في الدليل الرسمي هي: Fiqih & Legistlation, Fundamentals of Religion (Usool Al-Deen) with Arabic Minor, Osoul Aldeen, Sharia & Islamic Banks. الموقع الرسمي للكلية: https://shariah.najah.edu/en/.",FACULTY_PROGRAMS_BASELINE,"[""sharia"",""shari'ah"",""islamic"",""faculty"",""college"",""كلية"",""شريعة"",""اسلامية"",""program"",""programs"",""programme"",""programmes"",""major"",""majors"",""تخصص"",""تخصصات"",""برنامج"",""برامج""]",,"""2026-04-17T14:30:16.513Z""","""2026-04-17T15:10:35.320Z"""
41,8,,What programs are in Faculty of Law and Political Sciences?,ما التخصصات الموجودة في Faculty of Law and Political Sciences؟,"Faculty of Law and Political Sciences appears on An-Najah National University's official undergraduate programs pages. The programs linked to this faculty in the official catalogue are: Law, Major: Law/ Minor: International Relations, Political Science and Government Administration. Official faculty website: https://law.najah.edu/en.","كلية القانون والعلوم السياسية تظهر في الصفحات الرسمية لبرامج البكالوريوس في جامعة النجاح الوطنية. التخصصات المرتبطة بهذه الكلية في الدليل الرسمي هي: Law, Major: Law/ Minor: International Relations, Political Science and Government Administration. الموقع الرسمي للكلية: https://law.najah.edu/en.",FACULTY_PROGRAMS_BASELINE,"[""law"",""legal"",""political"",""politics"",""faculty"",""college"",""كلية"",""قانون"",""سياسية"",""program"",""programs"",""programme"",""programmes"",""major"",""majors"",""تخصص"",""تخصصات"",""برنامج"",""برامج""]",,"""2026-04-17T14:30:16.513Z""","""2026-04-17T15:10:35.320Z"""
38,10,,What programs are in Faculty of Nursing?,ما التخصصات الموجودة في Faculty of Nursing؟,"Faculty of Nursing appears on An-Najah National University's official undergraduate programs pages. The programs linked to this faculty in the official catalogue are: Midwifery, Nursing. Official faculty website: https://nursing.najah.edu/en/.","كلية التمريض تظهر في الصفحات الرسمية لبرامج البكالوريوس في جامعة النجاح الوطنية. التخصصات المرتبطة بهذه الكلية في الدليل الرسمي هي: Midwifery, Nursing. الموقع الرسمي للكلية: https://nursing.najah.edu/en/.",FACULTY_PROGRAMS_BASELINE,"[""nursing"",""nurse"",""faculty"",""college"",""كلية"",""تمريض"",""program"",""programs"",""programme"",""programmes"",""major"",""majors"",""تخصص"",""تخصصات"",""برنامج"",""برامج""]",,"""2026-04-17T14:30:16.513Z""","""2026-04-17T15:10:35.320Z"""